Phase,Algorithm,Embedding,Accuracy,Precision,Recall,F1-Score,MCC,G-Mean,Class_A_Acc,Class_AU_Acc,Class_F_Acc,Class_FT_Acc,Class_LF_Acc,Class_LL_Acc,Class_M_Acc,Class_O_Acc,Class_P_Acc,Class_PE_Acc,Class_R_Acc,Class_SC_Acc,Class_SE_Acc,Class_US_Acc
Phase 2-A (Classical Flat),LinearSVC,TF-IDF,0.9001416430594901,0.6417953219104113,0.49691883301444745,0.536724976767517,0.614830024039096,0.3170227589989447,0.6086956521739131,0.8461538461538461,0.9577114427860697,0.0,0.5,0.4,0.2857142857142857,0.4166666666666667,0.5,0.38095238095238093,0.2,0.5,0.673469387755102,0.6875
Phase 2-A (Classical Flat),LR,TF-IDF,0.8307365439093485,0.44819946413204803,0.5718469189547968,0.48038829221163254,0.5272435688534642,0.37690184370928037,0.6521739130434783,0.8461538461538461,0.8615257048092869,0.0,0.5,0.5,0.2857142857142857,0.5833333333333334,0.5833333333333334,0.5714285714285714,0.7,0.5,0.7346938775510204,0.6875
Phase 2-A (Classical Flat),XGBoost,TF-IDF,0.8909348441926346,0.5731449961135412,0.3167800856760947,0.38391963649512245,0.505700661013692,0.09490620501874639,0.391304347826087,0.8076923076923077,0.9817578772802653,0.0,0.0,0.2,0.0,0.08333333333333333,0.2916666666666667,0.23809523809523808,0.2,0.5,0.42857142857142855,0.3125
Phase 2-A (Classical Flat),XGBoost,GloVe,0.8909348441926346,0.5731449961135412,0.3167800856760947,0.38391963649512245,0.505700661013692,0.09490620501874639,0.391304347826087,0.8076923076923077,0.9817578772802653,0.0,0.0,0.2,0.0,0.08333333333333333,0.2916666666666667,0.23809523809523808,0.2,0.5,0.42857142857142855,0.3125
Phase 2-A (Classical Flat),KNN,TF-IDF,0.8753541076487252,0.5469157692104418,0.2519387986741216,0.3233480460444675,0.40765607564566053,0.11255845646217326,0.2608695652173913,0.2692307692307692,0.9825870646766169,0.0,0.25,0.3,0.14285714285714285,0.08333333333333333,0.2916666666666667,0.19047619047619047,0.2,0.0,0.30612244897959184,0.25
Phase 2-A (Classical Flat),RF,TF-IDF,0.8696883852691218,0.5981427530954114,0.1876772442937569,0.24252928681314984,0.32095567127116775,0.03738621727443515,0.043478260869565216,0.4230769230769231,0.9950248756218906,0.0,0.0,0.0,0.0,0.08333333333333333,0.125,0.047619047619047616,0.1,0.5,0.12244897959183673,0.1875
Phase 2-A (Classical Flat),KNN,GloVe,0.8753541076487252,0.5469157692104418,0.2519387986741216,0.3233480460444675,0.40765607564566053,0.11255845646217326,0.2608695652173913,0.2692307692307692,0.9825870646766169,0.0,0.25,0.3,0.14285714285714285,0.08333333333333333,0.2916666666666667,0.19047619047619047,0.2,0.0,0.30612244897959184,0.25
Phase 2-A (Classical Flat),RF,GloVe,0.8696883852691218,0.5981427530954114,0.1876772442937569,0.24252928681314984,0.32095567127116775,0.03738621727443515,0.043478260869565216,0.4230769230769231,0.9950248756218906,0.0,0.0,0.0,0.0,0.08333333333333333,0.125,0.047619047619047616,0.1,0.5,0.12244897959183673,0.1875
Phase 2-A (Classical Flat),RF,Word2Vec,0.8696883852691218,0.5981427530954114,0.1876772442937569,0.24252928681314984,0.32095567127116775,0.03738621727443515,0.043478260869565216,0.4230769230769231,0.9950248756218906,0.0,0.0,0.0,0.0,0.08333333333333333,0.125,0.047619047619047616,0.1,0.5,0.12244897959183673,0.1875
Phase 2-A (Classical Flat),LinearSVC,Word2Vec,0.9001416430594901,0.6417953219104113,0.49691883301444745,0.536724976767517,0.614830024039096,0.3170227589989447,0.6086956521739131,0.8461538461538461,0.9577114427860697,0.0,0.5,0.4,0.2857142857142857,0.4166666666666667,0.5,0.38095238095238093,0.2,0.5,0.673469387755102,0.6875
Phase 2-B (Deep Flat),XGBoost,MPNet,0.8817280453257791,0.4871910289820738,0.23399805590455047,0.2957077374426718,0.4305027343313036,0.05046006740409774,0.08695652173913043,0.23076923076923078,0.9900497512437811,0.0,0.0,0.0,0.0,0.08333333333333333,0.375,0.19047619047619047,0.1,0.5,0.46938775510204084,0.25
Phase 2-B (Deep Flat),XGBoost,BERT,0.8852691218130312,0.48020923216734446,0.25132884017205753,0.30637280828836316,0.4594933341539726,0.03915072675863206,0.13043478260869565,0.4230769230769231,0.988391376451078,0.0,0.0,0.0,0.0,0.0,0.4166666666666667,0.09523809523809523,0.1,0.5,0.4897959183673469,0.375
Phase 2-B (Deep Flat),XGBoost,SBERT,0.8817280453257791,0.5544296741350919,0.23226329880122806,0.2993293343672107,0.42465460600936067,0.05163821053567611,0.08695652173913043,0.15384615384615385,0.9933665008291874,0.0,0.0,0.0,0.0,0.16666666666666666,0.375,0.23809523809523808,0.1,0.5,0.3877551020408163,0.25
Phase 2-B (Deep Flat),KNN,MPNet,0.8824362606232294,0.38999507353018253,0.27886359510371217,0.31557208700142503,0.4712988600672303,0.044038062005542236,0.21739130434782608,0.07692307692307693,0.9767827529021559,0.0,0.0,0.0,0.0,0.4166666666666667,0.5,0.2857142857142857,0.4,0.0,0.5306122448979592,0.5
Phase 2-B (Deep Flat),KNN,SBERT,0.8845609065155807,0.500658293761742,0.267490023769656,0.31846312577725416,0.4752722168095106,0.05759528371845004,0.13043478260869565,0.11538461538461539,0.9809286898839138,0.0,0.0,0.1,0.0,0.5,0.5416666666666666,0.3333333333333333,0.2,0.0,0.5306122448979592,0.3125
Phase 2-B (Deep Flat),KNN,BERT,0.8796033994334278,0.4174895008585123,0.2372174982383699,0.2860463296158002,0.43794419250716016,0.05146350632800722,0.08695652173913043,0.2692307692307692,0.9842454394693201,0.0,0.0,0.1,0.0,0.4166666666666667,0.4583333333333333,0.14285714285714285,0.1,0.0,0.3877551020408163,0.375
Phase 2-B (Deep Flat),LinearSVC,MPNet,0.8519830028328612,0.4893902340123501,0.6106906385076868,0.5300301845408987,0.548024759218849,0.5784969405020438,0.4782608695652174,0.6153846153846154,0.8905472636815921,0.5,0.25,0.4,0.42857142857142855,0.5833333333333334,0.75,0.7142857142857143,0.6,1.0,0.7142857142857143,0.625
Phase 2-B (Deep Flat),LinearSVC,SBERT,0.8420679886685553,0.4005217295886424,0.5407500919765186,0.45279469799881195,0.5222207233520846,0.35640990470815553,0.43478260869565216,0.6538461538461539,0.8805970149253731,0.0,0.25,0.5,0.5714285714285714,0.5833333333333334,0.6666666666666666,0.5714285714285714,0.6,0.5,0.7959183673469388,0.5625
Phase 2-B (Deep Flat),RF,MPNet,0.8576487252124646,0.40662282043438364,0.12855996657588192,0.15154336781184988,0.15655030563396655,0.010522696333993659,0.0,0.07692307692307693,0.9983416252072969,0.0,0.0,0.0,0.0,0.0,0.041666666666666664,0.0,0.1,0.5,0.02040816326530612,0.0625
Phase 2-B (Deep Flat),RF,BERT,0.8611898016997167,0.42827125119388726,0.14641710943302474,0.18003310526691657,0.21383318205312338,0.01256641541531015,0.0,0.07692307692307693,0.9983416252072969,0.0,0.0,0.0,0.0,0.0,0.16666666666666666,0.0,0.1,0.5,0.02040816326530612,0.1875
Phase 2-C (Hybrid Flat),LinearSVC,TF-IDF,0.9001416430594901,0.6417953219104113,0.49691883301444745,0.536724976767517,0.614830024039096,0.3170227589989447,0.6086956521739131,0.8461538461538461,0.9577114427860697,0.0,0.5,0.4,0.2857142857142857,0.4166666666666667,0.5,0.38095238095238093,0.2,0.5,0.673469387755102,0.6875
Phase 2-C (Hybrid Flat),LR,TF-IDF,0.8307365439093485,0.44819946413204803,0.5718469189547968,0.48038829221163254,0.5272435688534642,0.37690184370928037,0.6521739130434783,0.8461538461538461,0.8615257048092869,0.0,0.5,0.5,0.2857142857142857,0.5833333333333334,0.5833333333333334,0.5714285714285714,0.7,0.5,0.7346938775510204,0.6875
Phase 2-C (Hybrid Flat),XGBoost,MPNet,0.8817280453257791,0.4871910289820738,0.23399805590455047,0.2957077374426718,0.4305027343313036,0.05046006740409774,0.08695652173913043,0.23076923076923078,0.9900497512437811,0.0,0.0,0.0,0.0,0.08333333333333333,0.375,0.19047619047619047,0.1,0.5,0.46938775510204084,0.25
Phase 2-C (Hybrid Flat),XGBoost,TF-IDF,0.8909348441926346,0.5731449961135412,0.3167800856760947,0.38391963649512245,0.505700661013692,0.09490620501874639,0.391304347826087,0.8076923076923077,0.9817578772802653,0.0,0.0,0.2,0.0,0.08333333333333333,0.2916666666666667,0.23809523809523808,0.2,0.5,0.42857142857142855,0.3125
Phase 2-C (Hybrid Flat),XGBoost,BERT,0.8852691218130312,0.48020923216734446,0.25132884017205753,0.30637280828836316,0.4594933341539726,0.03915072675863206,0.13043478260869565,0.4230769230769231,0.988391376451078,0.0,0.0,0.0,0.0,0.0,0.4166666666666667,0.09523809523809523,0.1,0.5,0.4897959183673469,0.375
Phase 2-C (Hybrid Flat),XGBoost,SBERT,0.8817280453257791,0.5544296741350919,0.23226329880122806,0.2993293343672107,0.42465460600936067,0.05163821053567611,0.08695652173913043,0.15384615384615385,0.9933665008291874,0.0,0.0,0.0,0.0,0.16666666666666666,0.375,0.23809523809523808,0.1,0.5,0.3877551020408163,0.25
Phase 2-C (Hybrid Flat),KNN,MPNet,0.8824362606232294,0.38999507353018253,0.27886359510371217,0.31557208700142503,0.4712988600672303,0.044038062005542236,0.21739130434782608,0.07692307692307693,0.9767827529021559,0.0,0.0,0.0,0.0,0.4166666666666667,0.5,0.2857142857142857,0.4,0.0,0.5306122448979592,0.5
Phase 2-C (Hybrid Flat),KNN,SBERT,0.8845609065155807,0.500658293761742,0.267490023769656,0.31846312577725416,0.4752722168095106,0.05759528371845004,0.13043478260869565,0.11538461538461539,0.9809286898839138,0.0,0.0,0.1,0.0,0.5,0.5416666666666666,0.3333333333333333,0.2,0.0,0.5306122448979592,0.3125
Phase 2-C (Hybrid Flat),XGBoost,GloVe,0.8909348441926346,0.5731449961135412,0.3167800856760947,0.38391963649512245,0.505700661013692,0.09490620501874639,0.391304347826087,0.8076923076923077,0.9817578772802653,0.0,0.0,0.2,0.0,0.08333333333333333,0.2916666666666667,0.23809523809523808,0.2,0.5,0.42857142857142855,0.3125
Phase 2-C (Hybrid Flat),KNN,TF-IDF,0.8753541076487252,0.5469157692104418,0.2519387986741216,0.3233480460444675,0.40765607564566053,0.11255845646217326,0.2608695652173913,0.2692307692307692,0.9825870646766169,0.0,0.25,0.3,0.14285714285714285,0.08333333333333333,0.2916666666666667,0.19047619047619047,0.2,0.0,0.30612244897959184,0.25
Phase 4-2A (Simple Classical),KNN,TF-IDF,0.8682719546742209,0.3909269437340223,0.34215907707983156,0.3595221624765923,0.47971475353592236,0.15339915633873513,0.34782608695652173,0.3076923076923077,0.9494195688225538,0.0,0.25,0.4,0.14285714285714285,0.25,0.5,0.23809523809523808,0.5,0.0,0.5918367346938775,0.3125
Phase 4-2A (Simple Classical),XGBoost,TF-IDF,0.8930594900849859,0.5595220726440081,0.3343285740821134,0.40033290419664996,0.530467139300026,0.14199847491075956,0.4782608695652174,0.6923076923076923,0.9800995024875622,0.0,0.25,0.4,0.14285714285714285,0.08333333333333333,0.2916666666666667,0.23809523809523808,0.3,0.0,0.4489795918367347,0.375
Phase 4-2A (Simple Classical),LinearSVC,TF-IDF,0.873229461756374,0.46614904405291585,0.5047470685354911,0.4809957268489652,0.5567254028209666,0.33116038342313603,0.5652173913043478,0.8076923076923077,0.9262023217247097,0.0,0.5,0.4,0.2857142857142857,0.3333333333333333,0.5416666666666666,0.42857142857142855,0.5,0.5,0.6530612244897959,0.625
Phase 4-2A (Simple Classical),LR,TF-IDF,0.8555240793201133,0.4573343245640368,0.5066355397583298,0.46407188192938165,0.5360265461751175,0.3345730773151696,0.4782608695652174,0.8461538461538461,0.9054726368159204,0.0,0.5,0.4,0.2857142857142857,0.4166666666666667,0.5416666666666666,0.5238095238095238,0.5,0.5,0.6326530612244898,0.5625
Phase 4-2A (Simple Classical),XGBoost,GloVe,0.8930594900849859,0.5595220726440081,0.3343285740821134,0.40033290419664996,0.530467139300026,0.14199847491075956,0.4782608695652174,0.6923076923076923,0.9800995024875622,0.0,0.25,0.4,0.14285714285714285,0.08333333333333333,0.2916666666666667,0.23809523809523808,0.3,0.0,0.4489795918367347,0.375
Phase 4-2A (Simple Classical),KNN,GloVe,0.8682719546742209,0.3909269437340223,0.34215907707983156,0.3595221624765923,0.47971475353592236,0.15339915633873513,0.34782608695652173,0.3076923076923077,0.9494195688225538,0.0,0.25,0.4,0.14285714285714285,0.25,0.5,0.23809523809523808,0.5,0.0,0.5918367346938775,0.3125
Phase 4-2A (Simple Classical),RF,GloVe,0.8774787535410765,0.5509724547616534,0.2332962609588575,0.3022287236754865,0.39479754611555445,0.07078453791450011,0.21739130434782608,0.4230769230769231,0.9933665008291874,0.0,0.0,0.0,0.14285714285714285,0.08333333333333333,0.25,0.14285714285714285,0.1,0.5,0.16326530612244897,0.25
Phase 4-2A (Simple Classical),KNN,Word2Vec,0.8682719546742209,0.3909269437340223,0.34215907707983156,0.3595221624765923,0.47971475353592236,0.15339915633873513,0.34782608695652173,0.3076923076923077,0.9494195688225538,0.0,0.25,0.4,0.14285714285714285,0.25,0.5,0.23809523809523808,0.5,0.0,0.5918367346938775,0.3125
Phase 4-2A (Simple Classical),RF,Word2Vec,0.8774787535410765,0.5509724547616534,0.2332962609588575,0.3022287236754865,0.39479754611555445,0.07078453791450011,0.21739130434782608,0.4230769230769231,0.9933665008291874,0.0,0.0,0.0,0.14285714285714285,0.08333333333333333,0.25,0.14285714285714285,0.1,0.5,0.16326530612244897,0.25
Phase 4-2A (Simple Classical),XGBoost,Word2Vec,0.8930594900849859,0.5595220726440081,0.3343285740821134,0.40033290419664996,0.530467139300026,0.14199847491075956,0.4782608695652174,0.6923076923076923,0.9800995024875622,0.0,0.25,0.4,0.14285714285714285,0.08333333333333333,0.2916666666666667,0.23809523809523808,0.3,0.0,0.4489795918367347,0.375
Phase 4-2B (Simple Deep),XGBoost,MPNet,0.8859773371104815,0.4774156349987905,0.275554118806496,0.33055560520241134,0.4807570617205663,0.06251042345539697,0.21739130434782608,0.15384615384615385,0.9850746268656716,0.0,0.0,0.0,0.0,0.16666666666666666,0.4583333333333333,0.3333333333333333,0.2,0.5,0.5306122448979592,0.3125
Phase 4-2B (Simple Deep),KNN,MPNet,0.8803116147308782,0.44393500643500644,0.34496596771789134,0.37417664294604425,0.4992906001823367,0.10311855039980598,0.2608695652173913,0.11538461538461539,0.9651741293532339,0.5,0.0,0.1,0.0,0.4166666666666667,0.6666666666666666,0.3333333333333333,0.4,0.0,0.5714285714285714,0.5
Phase 4-2B (Simple Deep),XGBoost,SBERT,0.8824362606232294,0.5541121140538326,0.30597585766365315,0.37113387905151785,0.46109724401951435,0.12487348831795018,0.13043478260869565,0.15384615384615385,0.9809286898839138,0.0,0.0,0.2,0.14285714285714285,0.08333333333333333,0.5,0.47619047619047616,0.5,0.5,0.42857142857142855,0.1875
Phase 4-2B (Simple Deep),KNN,SBERT,0.8788951841359773,0.42823179957731455,0.32114095703055295,0.3555426259571441,0.49290380706386816,0.13278608290465638,0.17391304347826086,0.15384615384615385,0.9660033167495854,0.0,0.25,0.1,0.14285714285714285,0.5,0.625,0.3333333333333333,0.2,0.0,0.5510204081632653,0.5
Phase 4-2B (Simple Deep),XGBoost,BERT,0.873229461756374,0.4912912641689102,0.2883113778608024,0.3338162779363713,0.4362090106094537,0.11146640608687272,0.043478260869565216,0.38461538461538464,0.9693200663349917,0.0,0.0,0.1,0.14285714285714285,0.08333333333333333,0.4166666666666667,0.19047619047619047,0.3,0.5,0.5306122448979592,0.375
Phase 4-2B (Simple Deep),RF,SBERT,0.8675637393767706,0.5028270567486254,0.16489258234522045,0.20723036867764708,0.2984274250691915,0.025361850489688236,0.043478260869565216,0.07692307692307693,0.9966832504145937,0.0,0.0,0.0,0.0,0.0,0.25,0.09523809523809523,0.1,0.5,0.1836734693877551,0.0625
Phase 4-2B (Simple Deep),RF,MPNet,0.8668555240793201,0.4389447554541894,0.16128504828063822,0.2024129016600849,0.29120330403082945,0.0197951065543994,0.08695652173913043,0.07692307692307693,0.9975124378109452,0.0,0.0,0.0,0.0,0.0,0.20833333333333334,0.0,0.1,0.5,0.16326530612244897,0.125
Phase 4-2B (Simple Deep),KNN,BERT,0.8746458923512748,0.3724430011872409,0.2679177083152934,0.30233253527021725,0.4443374895603782,0.08094783683106725,0.08695652173913043,0.2692307692307692,0.972636815920398,0.0,0.0,0.1,0.14285714285714285,0.5,0.5,0.23809523809523808,0.2,0.0,0.42857142857142855,0.3125
Phase 4-2B (Simple Deep),RF,BERT,0.873229461756374,0.4460273723732816,0.19889656445307097,0.24421422791793587,0.36991251814059606,0.030241498368489304,0.043478260869565216,0.19230769230769232,0.9917081260364843,0.0,0.0,0.0,0.0,0.0,0.25,0.047619047619047616,0.1,0.5,0.3469387755102041,0.3125
Phase 4-2B (Simple Deep),LinearSVC,MPNet,0.8243626062322946,0.38476557396118344,0.5736695359281739,0.4528843232396232,0.493072091008665,0.37732526068756245,0.43478260869565216,0.5769230769230769,0.8623548922056384,0.5,0.0,0.4,0.42857142857142855,0.5,0.75,0.6190476190476191,0.6,1.0,0.7346938775510204,0.625
Phase 4-2C (Simple Hybrid),XGBoost,MPNet,0.8859773371104815,0.4774156349987905,0.275554118806496,0.33055560520241134,0.4807570617205663,0.06251042345539697,0.21739130434782608,0.15384615384615385,0.9850746268656716,0.0,0.0,0.0,0.0,0.16666666666666666,0.4583333333333333,0.3333333333333333,0.2,0.5,0.5306122448979592,0.3125
Phase 4-2C (Simple Hybrid),KNN,MPNet,0.8803116147308782,0.44393500643500644,0.34496596771789134,0.37417664294604425,0.4992906001823367,0.10311855039980598,0.2608695652173913,0.11538461538461539,0.9651741293532339,0.5,0.0,0.1,0.0,0.4166666666666667,0.6666666666666666,0.3333333333333333,0.4,0.0,0.5714285714285714,0.5
Phase 4-2C (Simple Hybrid),XGBoost,SBERT,0.8824362606232294,0.5541121140538326,0.30597585766365315,0.37113387905151785,0.46109724401951435,0.12487348831795018,0.13043478260869565,0.15384615384615385,0.9809286898839138,0.0,0.0,0.2,0.14285714285714285,0.08333333333333333,0.5,0.47619047619047616,0.5,0.5,0.42857142857142855,0.1875
Phase 4-2C (Simple Hybrid),KNN,SBERT,0.8788951841359773,0.42823179957731455,0.32114095703055295,0.3555426259571441,0.49290380706386816,0.13278608290465638,0.17391304347826086,0.15384615384615385,0.9660033167495854,0.0,0.25,0.1,0.14285714285714285,0.5,0.625,0.3333333333333333,0.2,0.0,0.5510204081632653,0.5
Phase 4-2C (Simple Hybrid),XGBoost,BERT,0.873229461756374,0.4912912641689102,0.2883113778608024,0.3338162779363713,0.4362090106094537,0.11146640608687272,0.043478260869565216,0.38461538461538464,0.9693200663349917,0.0,0.0,0.1,0.14285714285714285,0.08333333333333333,0.4166666666666667,0.19047619047619047,0.3,0.5,0.5306122448979592,0.375
Phase 4-2C (Simple Hybrid),KNN,TF-IDF,0.8682719546742209,0.3909269437340223,0.34215907707983156,0.3595221624765923,0.47971475353592236,0.15339915633873513,0.34782608695652173,0.3076923076923077,0.9494195688225538,0.0,0.25,0.4,0.14285714285714285,0.25,0.5,0.23809523809523808,0.5,0.0,0.5918367346938775,0.3125
Phase 4-2C (Simple Hybrid),RF,SBERT,0.8675637393767706,0.5028270567486254,0.16489258234522045,0.20723036867764708,0.2984274250691915,0.025361850489688236,0.043478260869565216,0.07692307692307693,0.9966832504145937,0.0,0.0,0.0,0.0,0.0,0.25,0.09523809523809523,0.1,0.5,0.1836734693877551,0.0625
Phase 4-2C (Simple Hybrid),RF,MPNet,0.8668555240793201,0.4389447554541894,0.16128504828063822,0.2024129016600849,0.29120330403082945,0.0197951065543994,0.08695652173913043,0.07692307692307693,0.9975124378109452,0.0,0.0,0.0,0.0,0.0,0.20833333333333334,0.0,0.1,0.5,0.16326530612244897,0.125
Phase 4-2C (Simple Hybrid),KNN,BERT,0.8746458923512748,0.3724430011872409,0.2679177083152934,0.30233253527021725,0.4443374895603782,0.08094783683106725,0.08695652173913043,0.2692307692307692,0.972636815920398,0.0,0.0,0.1,0.14285714285714285,0.5,0.5,0.23809523809523808,0.2,0.0,0.42857142857142855,0.3125
Phase 4-2C (Simple Hybrid),RF,BERT,0.873229461756374,0.4460273723732816,0.19889656445307097,0.24421422791793587,0.36991251814059606,0.030241498368489304,0.043478260869565216,0.19230769230769232,0.9917081260364843,0.0,0.0,0.0,0.0,0.0,0.25,0.047619047619047616,0.1,0.5,0.3469387755102041,0.3125
Phase 4-A-NEW (Catch-Bin Classical),LinearSVC,TF-IDF,0.896600566572238,0.635233109963936,0.474876136509518,0.522363829487946,0.5935938172085907,0.3040077902988388,0.5652173913043478,0.8076923076923077,0.9593698175787728,0.0,0.5,0.4,0.2857142857142857,0.3333333333333333,0.4583333333333333,0.38095238095238093,0.2,0.5,0.6326530612244898,0.625
Phase 4-A-NEW (Catch-Bin Classical),XGBoost,TF-IDF,0.8888101983002833,0.4705930048787192,0.2597482588900003,0.3169582925692885,0.48399343015688606,0.04307734435918474,0.34782608695652173,0.6923076923076923,0.9867330016583747,0.0,0.0,0.2,0.0,0.0,0.2916666666666667,0.23809523809523808,0.2,0.0,0.3673469387755102,0.3125
Phase 4-A-NEW (Catch-Bin Classical),LR,TF-IDF,0.8739376770538244,0.5420352020271977,0.519732777510079,0.5107941099298082,0.5722916259749159,0.33948515837655396,0.5217391304347826,0.8461538461538461,0.9220563847429519,0.0,0.5,0.4,0.2857142857142857,0.3333333333333333,0.5416666666666666,0.5238095238095238,0.5,0.5,0.7142857142857143,0.6875
Phase 4-A-NEW (Catch-Bin Classical),KNN,TF-IDF,0.8753541076487252,0.5469157692104418,0.2519387986741216,0.3233480460444675,0.40765607564566053,0.11255845646217326,0.2608695652173913,0.2692307692307692,0.9825870646766169,0.0,0.25,0.3,0.14285714285714285,0.08333333333333333,0.2916666666666667,0.19047619047619047,0.2,0.0,0.30612244897959184,0.25
Phase 4-A-NEW (Catch-Bin Classical),XGBoost,GloVe,0.8888101983002833,0.4705930048787192,0.2597482588900003,0.3169582925692885,0.48399343015688606,0.04307734435918474,0.34782608695652173,0.6923076923076923,0.9867330016583747,0.0,0.0,0.2,0.0,0.0,0.2916666666666667,0.23809523809523808,0.2,0.0,0.3673469387755102,0.3125
Phase 4-A-NEW (Catch-Bin Classical),RF,TF-IDF,0.8647308781869688,0.5263593136241471,0.16318640468526577,0.20796098166409704,0.26824219877838745,0.02442999739968877,0.043478260869565216,0.3076923076923077,0.9958540630182421,0.0,0.0,0.0,0.0,0.0,0.08333333333333333,0.047619047619047616,0.1,0.5,0.08163265306122448,0.125
Phase 4-A-NEW (Catch-Bin Classical),KNN,GloVe,0.8753541076487252,0.5469157692104418,0.2519387986741216,0.3233480460444675,0.40765607564566053,0.11255845646217326,0.2608695652173913,0.2692307692307692,0.9825870646766169,0.0,0.25,0.3,0.14285714285714285,0.08333333333333333,0.2916666666666667,0.19047619047619047,0.2,0.0,0.30612244897959184,0.25
Phase 4-A-NEW (Catch-Bin Classical),RF,GloVe,0.8647308781869688,0.5263593136241471,0.16318640468526577,0.20796098166409704,0.26824219877838745,0.02442999739968877,0.043478260869565216,0.3076923076923077,0.9958540630182421,0.0,0.0,0.0,0.0,0.0,0.08333333333333333,0.047619047619047616,0.1,0.5,0.08163265306122448,0.125
Phase 4-A-NEW (Catch-Bin Classical),RF,Word2Vec,0.8647308781869688,0.5263593136241471,0.16318640468526577,0.20796098166409704,0.26824219877838745,0.02442999739968877,0.043478260869565216,0.3076923076923077,0.9958540630182421,0.0,0.0,0.0,0.0,0.0,0.08333333333333333,0.047619047619047616,0.1,0.5,0.08163265306122448,0.125
Phase 4-A-NEW (Catch-Bin Classical),KNN,Word2Vec,0.8753541076487252,0.5469157692104418,0.2519387986741216,0.3233480460444675,0.40765607564566053,0.11255845646217326,0.2608695652173913,0.2692307692307692,0.9825870646766169,0.0,0.25,0.3,0.14285714285714285,0.08333333333333333,0.2916666666666667,0.19047619047619047,0.2,0.0,0.30612244897959184,0.25
Phase 4-B-NEW (Catch-Bin Deep),XGBoost,MPNet,0.8803116147308782,0.5095935047858126,0.21698603473284309,0.2783953365779742,0.4134792627783941,0.04716132571715893,0.08695652173913043,0.15384615384615385,0.9941956882255389,0.0,0.0,0.0,0.0,0.08333333333333333,0.3333333333333333,0.19047619047619047,0.1,0.5,0.40816326530612246,0.1875
Phase 4-B-NEW (Catch-Bin Deep),XGBoost,SBERT,0.8746458923512748,0.5481169457044472,0.1981111777811509,0.2562006341883122,0.3664592198231814,0.0433414080362588,0.08695652173913043,0.11538461538461539,0.9950248756218906,0.0,0.0,0.0,0.0,0.08333333333333333,0.2916666666666667,0.19047619047619047,0.1,0.5,0.2857142857142857,0.125
Phase 4-B-NEW (Catch-Bin Deep),KNN,MPNet,0.8824362606232294,0.38999507353018253,0.27886359510371217,0.31557208700142503,0.4712988600672303,0.044038062005542236,0.21739130434782608,0.07692307692307693,0.9767827529021559,0.0,0.0,0.0,0.0,0.4166666666666667,0.5,0.2857142857142857,0.4,0.0,0.5306122448979592,0.5
Phase 4-B-NEW (Catch-Bin Deep),KNN,SBERT,0.8845609065155807,0.500658293761742,0.267490023769656,0.31846312577725416,0.4752722168095106,0.05759528371845004,0.13043478260869565,0.11538461538461539,0.9809286898839138,0.0,0.0,0.1,0.0,0.5,0.5416666666666666,0.3333333333333333,0.2,0.0,0.5306122448979592,0.3125
Phase 4-B-NEW (Catch-Bin Deep),XGBoost,BERT,0.8845609065155807,0.4882862423610265,0.23283715403355118,0.2896502613425884,0.4473307363082186,0.03643248302803225,0.08695652173913043,0.3076923076923077,0.9925373134328358,0.0,0.0,0.0,0.0,0.0,0.375,0.09523809523809523,0.1,0.5,0.4897959183673469,0.3125
Phase 4-B-NEW (Catch-Bin Deep),KNN,BERT,0.8796033994334278,0.4174895008585123,0.2372174982383699,0.2860463296158002,0.43794419250716016,0.05146350632800722,0.08695652173913043,0.2692307692307692,0.9842454394693201,0.0,0.0,0.1,0.0,0.4166666666666667,0.4583333333333333,0.14285714285714285,0.1,0.0,0.3877551020408163,0.375
Phase 4-B-NEW (Catch-Bin Deep),LinearSVC,MPNet,0.8682719546742209,0.4794266223339115,0.5657639051299078,0.5119630412833802,0.5561116751814021,0.3696724859359832,0.34782608695652173,0.5384615384615384,0.917910447761194,0.5,0.0,0.4,0.42857142857142855,0.5,0.75,0.6190476190476191,0.6,1.0,0.6938775510204082,0.625
Phase 4-B-NEW (Catch-Bin Deep),RF,MPNet,0.8583569405099151,0.41857142857142854,0.1315361570520724,0.15665618994381966,0.1692504554180888,0.01105679302947573,0.0,0.07692307692307693,0.9983416252072969,0.0,0.0,0.0,0.0,0.0,0.08333333333333333,0.0,0.1,0.5,0.02040816326530612,0.0625
Phase 4-B-NEW (Catch-Bin Deep),LinearSVC,SBERT,0.8569405099150141,0.43138685618971334,0.5042867366108635,0.4595655610714376,0.5252264193894358,0.3333328005985269,0.43478260869565216,0.5769230769230769,0.906301824212272,0.0,0.25,0.5,0.5714285714285714,0.4166666666666667,0.625,0.5238095238095238,0.5,0.5,0.7551020408163265,0.5
Phase 4-B-NEW (Catch-Bin Deep),RF,SBERT,0.8590651558073654,0.4186153374859594,0.13299388299959425,0.15942662446477024,0.18103888068400226,0.011617998677936262,0.0,0.07692307692307693,0.9983416252072969,0.0,0.0,0.0,0.0,0.0,0.08333333333333333,0.0,0.1,0.5,0.04081632653061224,0.0625
Phase 4-2C-NEW (Catch-Bin Hybrid),LinearSVC,TF-IDF,0.896600566572238,0.635233109963936,0.474876136509518,0.522363829487946,0.5935938172085907,0.3040077902988388,0.5652173913043478,0.8076923076923077,0.9593698175787728,0.0,0.5,0.4,0.2857142857142857,0.3333333333333333,0.4583333333333333,0.38095238095238093,0.2,0.5,0.6326530612244898,0.625
Phase 4-2C-NEW (Catch-Bin Hybrid),XGBoost,TF-IDF,0.8888101983002833,0.4705930048787192,0.2597482588900003,0.3169582925692885,0.48399343015688606,0.04307734435918474,0.34782608695652173,0.6923076923076923,0.9867330016583747,0.0,0.0,0.2,0.0,0.0,0.2916666666666667,0.23809523809523808,0.2,0.0,0.3673469387755102,0.3125
Phase 4-2C-NEW (Catch-Bin Hybrid),XGBoost,MPNet,0.8803116147308782,0.5095935047858126,0.21698603473284309,0.2783953365779742,0.4134792627783941,0.04716132571715893,0.08695652173913043,0.15384615384615385,0.9941956882255389,0.0,0.0,0.0,0.0,0.08333333333333333,0.3333333333333333,0.19047619047619047,0.1,0.5,0.40816326530612246,0.1875
Phase 4-2C-NEW (Catch-Bin Hybrid),LR,TF-IDF,0.8739376770538244,0.5420352020271977,0.519732777510079,0.5107941099298082,0.5722916259749159,0.33948515837655396,0.5217391304347826,0.8461538461538461,0.9220563847429519,0.0,0.5,0.4,0.2857142857142857,0.3333333333333333,0.5416666666666666,0.5238095238095238,0.5,0.5,0.7142857142857143,0.6875
Phase 4-2C-NEW (Catch-Bin Hybrid),XGBoost,SBERT,0.8746458923512748,0.5481169457044472,0.1981111777811509,0.2562006341883122,0.3664592198231814,0.0433414080362588,0.08695652173913043,0.11538461538461539,0.9950248756218906,0.0,0.0,0.0,0.0,0.08333333333333333,0.2916666666666667,0.19047619047619047,0.1,0.5,0.2857142857142857,0.125
Phase 4-2C-NEW (Catch-Bin Hybrid),KNN,MPNet,0.8824362606232294,0.38999507353018253,0.27886359510371217,0.31557208700142503,0.4712988600672303,0.044038062005542236,0.21739130434782608,0.07692307692307693,0.9767827529021559,0.0,0.0,0.0,0.0,0.4166666666666667,0.5,0.2857142857142857,0.4,0.0,0.5306122448979592,0.5
Phase 4-2C-NEW (Catch-Bin Hybrid),KNN,SBERT,0.8845609065155807,0.500658293761742,0.267490023769656,0.31846312577725416,0.4752722168095106,0.05759528371845004,0.13043478260869565,0.11538461538461539,0.9809286898839138,0.0,0.0,0.1,0.0,0.5,0.5416666666666666,0.3333333333333333,0.2,0.0,0.5306122448979592,0.3125
Phase 4-2C-NEW (Catch-Bin Hybrid),XGBoost,BERT,0.8845609065155807,0.4882862423610265,0.23283715403355118,0.2896502613425884,0.4473307363082186,0.03643248302803225,0.08695652173913043,0.3076923076923077,0.9925373134328358,0.0,0.0,0.0,0.0,0.0,0.375,0.09523809523809523,0.1,0.5,0.4897959183673469,0.3125
Phase 4-2C-NEW (Catch-Bin Hybrid),KNN,BERT,0.8796033994334278,0.4174895008585123,0.2372174982383699,0.2860463296158002,0.43794419250716016,0.05146350632800722,0.08695652173913043,0.2692307692307692,0.9842454394693201,0.0,0.0,0.1,0.0,0.4166666666666667,0.4583333333333333,0.14285714285714285,0.1,0.0,0.3877551020408163,0.375
Phase 4-2C-NEW (Catch-Bin Hybrid),KNN,TF-IDF,0.8753541076487252,0.5469157692104418,0.2519387986741216,0.3233480460444675,0.40765607564566053,0.11255845646217326,0.2608695652173913,0.2692307692307692,0.9825870646766169,0.0,0.25,0.3,0.14285714285714285,0.08333333333333333,0.2916666666666667,0.19047619047619047,0.2,0.0,0.30612244897959184,0.25
